{"properties":{"connectionReferences":{"shared_commondataservice":{"runtimeSource":"embedded","connection":{},"api":{"name":"shared_commondataservice"}}},"definition":{"$schema":"https://schema.management.azure.com/providers/Microsoft.Logic/schemas/2016-06-01/workflowdefinition.json#","contentVersion":"1.0.0.0","parameters":{"$connections":{"defaultValue":{},"type":"Object"},"$authentication":{"defaultValue":{},"type":"SecureObject"}},"triggers":{"When_a_record_status_is_updated":{"type":"OpenApiConnectionWebhook","inputs":{"host":{"connectionName":"shared_commondataservice","operationId":"SubscribeOnUpdatedItems","apiId":"/providers/Microsoft.PowerApps/apis/shared_commondataservice"},"parameters":{"dataset":"default.cds","table":"rsm_reservations","scope":"Organization","subscriptionRequest/AttributeFilters":["statecode"]},"authentication":"@parameters('$authentication')"}}},"actions":{"If_deactivated":{"actions":{"Get_Timeslot_current_Reservation_Count":{"runAfter":{},"type":"OpenApiConnection","inputs":{"host":{"connectionName":"shared_commondataservice","operationId":"GetItem_V2","apiId":"/providers/Microsoft.PowerApps/apis/shared_commondataservice"},"parameters":{"dataset":"default.cds","table":"rsm_timeslots","id":"@triggerOutputs()?['body/_rsm_timeslot_value']"},"authentication":"@parameters('$authentication')"}},"Decrement_Reservation_Count_by_1":{"runAfter":{"Get_Timeslot_current_Reservation_Count":["Succeeded"]},"type":"OpenApiConnection","inputs":{"host":{"connectionName":"shared_commondataservice","operationId":"PatchItem_V2","apiId":"/providers/Microsoft.PowerApps/apis/shared_commondataservice"},"parameters":{"dataset":"default.cds","table":"rsm_timeslots","id":"@outputs('Get_Timeslot_current_Reservation_Count')?['body/rsm_timeslotid']","item/rsm_reservationcount":"@sub(outputs('Get_Timeslot_current_Reservation_Count')?['body/rsm_reservationcount'],1)","item/_ownerid_type":""},"authentication":"@parameters('$authentication')"}},"Condition_2":{"actions":{"Update_Timeslot":{"runAfter":{},"type":"OpenApiConnection","inputs":{"host":{"connectionName":"shared_commondataservice","operationId":"PatchItem_V2","apiId":"/providers/Microsoft.PowerApps/apis/shared_commondataservice"},"parameters":{"dataset":"default.cds","table":"rsm_timeslots","id":"@outputs('Decrement_Reservation_Count_by_1')?['body/rsm_timeslotid']","item/rsm_atfullcapacity":true,"item/_ownerid_type":""},"authentication":"@parameters('$authentication')"}}},"runAfter":{"Decrement_Reservation_Count_by_1":["Succeeded"]},"else":{"actions":{"Update_Timeslot_2":{"runAfter":{},"type":"OpenApiConnection","inputs":{"host":{"connectionName":"shared_commondataservice","operationId":"PatchItem_V2","apiId":"/providers/Microsoft.PowerApps/apis/shared_commondataservice"},"parameters":{"dataset":"default.cds","table":"rsm_timeslots","id":"@outputs('Decrement_Reservation_Count_by_1')?['body/rsm_timeslotid']","item/rsm_atfullcapacity":false,"item/_ownerid_type":""},"authentication":"@parameters('$authentication')"}}}},"expression":{"greaterOrEquals":["@outputs('Decrement_Reservation_Count_by_1')?['body/rsm_reservationcount']","@outputs('Decrement_Reservation_Count_by_1')?['body/rsm_timecapacity']"]},"type":"If"}},"runAfter":{},"expression":{"and":[{"equals":["@triggerOutputs()?['body/statecode']",1]},{"equals":["@triggerOutputs()?['body/rsm_entryallowed']",true]}]},"type":"If"}},"outputs":{}}},"schemaVersion":"1.0.0.0"}