<ImportExportXml version="9.1.0.18353" SolutionPackageVersion="9.1" languagecode="1033" generatedBy="CrmLive" xmlns:xsi="http://www.w3.org/2001/XMLSchema-instance">
  <SolutionManifest>
    <UniqueName>PortalRetailDistance</UniqueName>
    <LocalizedNames>
      <LocalizedName description="ShoppingDistanceSolution" languagecode="1033" />
    </LocalizedNames>
    <Descriptions />
    <Version>1.0.0.12</Version>
    <Managed>1</Managed>
    <Publisher>
      <UniqueName>rsm</UniqueName>
      <LocalizedNames>
        <LocalizedName description="RSM" languagecode="1033" />
      </LocalizedNames>
      <Descriptions />
      <EMailAddress xsi:nil="true"></EMailAddress>
      <SupportingWebsiteUrl>https://www.rsmus.com</SupportingWebsiteUrl>
      <CustomizationPrefix>rsm</CustomizationPrefix>
      <CustomizationOptionValuePrefix>86680</CustomizationOptionValuePrefix>
      <Addresses>
        <Address>
          <AddressNumber>1</AddressNumber>
          <AddressTypeCode>1</AddressTypeCode>
          <City xsi:nil="true"></City>
          <County xsi:nil="true"></County>
          <Country xsi:nil="true"></Country>
          <Fax xsi:nil="true"></Fax>
          <FreightTermsCode xsi:nil="true"></FreightTermsCode>
          <ImportSequenceNumber xsi:nil="true"></ImportSequenceNumber>
          <Latitude xsi:nil="true"></Latitude>
          <Line1 xsi:nil="true"></Line1>
          <Line2 xsi:nil="true"></Line2>
          <Line3 xsi:nil="true"></Line3>
          <Longitude xsi:nil="true"></Longitude>
          <Name xsi:nil="true"></Name>
          <PostalCode xsi:nil="true"></PostalCode>
          <PostOfficeBox xsi:nil="true"></PostOfficeBox>
          <PrimaryContactName xsi:nil="true"></PrimaryContactName>
          <ShippingMethodCode>1</ShippingMethodCode>
          <StateOrProvince xsi:nil="true"></StateOrProvince>
          <Telephone1 xsi:nil="true"></Telephone1>
          <Telephone2 xsi:nil="true"></Telephone2>
          <Telephone3 xsi:nil="true"></Telephone3>
          <TimeZoneRuleVersionNumber xsi:nil="true"></TimeZoneRuleVersionNumber>
          <UPSZone xsi:nil="true"></UPSZone>
          <UTCOffset xsi:nil="true"></UTCOffset>
          <UTCConversionTimeZoneCode xsi:nil="true"></UTCConversionTimeZoneCode>
        </Address>
        <Address>
          <AddressNumber>2</AddressNumber>
          <AddressTypeCode>1</AddressTypeCode>
          <City xsi:nil="true"></City>
          <County xsi:nil="true"></County>
          <Country xsi:nil="true"></Country>
          <Fax xsi:nil="true"></Fax>
          <FreightTermsCode xsi:nil="true"></FreightTermsCode>
          <ImportSequenceNumber xsi:nil="true"></ImportSequenceNumber>
          <Latitude xsi:nil="true"></Latitude>
          <Line1 xsi:nil="true"></Line1>
          <Line2 xsi:nil="true"></Line2>
          <Line3 xsi:nil="true"></Line3>
          <Longitude xsi:nil="true"></Longitude>
          <Name xsi:nil="true"></Name>
          <PostalCode xsi:nil="true"></PostalCode>
          <PostOfficeBox xsi:nil="true"></PostOfficeBox>
          <PrimaryContactName xsi:nil="true"></PrimaryContactName>
          <ShippingMethodCode>1</ShippingMethodCode>
          <StateOrProvince xsi:nil="true"></StateOrProvince>
          <Telephone1 xsi:nil="true"></Telephone1>
          <Telephone2 xsi:nil="true"></Telephone2>
          <Telephone3 xsi:nil="true"></Telephone3>
          <TimeZoneRuleVersionNumber xsi:nil="true"></TimeZoneRuleVersionNumber>
          <UPSZone xsi:nil="true"></UPSZone>
          <UTCOffset xsi:nil="true"></UTCOffset>
          <UTCConversionTimeZoneCode xsi:nil="true"></UTCConversionTimeZoneCode>
        </Address>
      </Addresses>
    </Publisher>
    <RootComponents>
      <RootComponent type="1" schemaName="rsm_assessment" behavior="0" />
      <RootComponent type="1" schemaName="rsm_reservation" behavior="0" />
      <RootComponent type="1" schemaName="rsm_store" behavior="0" />
      <RootComponent type="1" schemaName="rsm_timeslot" behavior="0" />
      <RootComponent type="1" schemaName="rsm_timeslottemplate" behavior="0" />
      <RootComponent type="1" schemaName="rsm_timeslottemplatedetails" behavior="0" />
      <RootComponent type="1" schemaName="rsm_timezone" behavior="0" />
      <RootComponent type="20" id="{9703d042-13af-ea11-a812-000d3a5a1cf8}" behavior="0" />
      <RootComponent type="20" id="{ad60a30c-13af-ea11-a812-000d3a5a1cf8}" behavior="0" />
      <RootComponent type="29" id="{0f389b8a-e0b4-ea11-a812-000d3a5a1cf8}" behavior="0" />
      <RootComponent type="29" id="{4661b9e2-d3b4-ea11-a812-000d3a5a1477}" behavior="0" />
      <RootComponent type="29" id="{b6ded8d8-d2b4-ea11-a812-000d3a5a1cf8}" behavior="0" />
      <RootComponent type="29" id="{f4471de5-ceb4-ea11-a812-000d3a5a1cf8}" behavior="0" />
      <RootComponent type="29" id="{f6f95b83-dbb4-ea11-a812-000d3a5a1477}" behavior="0" />
      <RootComponent type="60" id="{7bc16f7a-3ca4-ea11-a812-000d3a5a1477}" behavior="0" />
      <RootComponent type="60" id="{7ca332f1-99a9-ea11-a812-000d3a5a1477}" behavior="0" />
      <RootComponent type="60" id="{893fad66-77aa-ea11-a812-000d3a5a1cf8}" behavior="0" />
      <RootComponent type="61" schemaName="rsm_assessments.svg" behavior="0" />
      <RootComponent type="61" schemaName="rsm_reservations.svg" behavior="0" />
      <RootComponent type="61" schemaName="rsm_stores.svg" behavior="0" />
      <RootComponent type="61" schemaName="rsm_timeslot.svg" behavior="0" />
      <RootComponent type="61" schemaName="rsm_timeslottemplate.svg" behavior="0" />
      <RootComponent type="61" schemaName="rsm_timeslottemplatedetails.svg" behavior="0" />
      <RootComponent type="61" schemaName="rsm_timezone.svg" behavior="0" />
      <RootComponent type="62" schemaName="rsm_PortalRetailDistanceApp" behavior="0" />
      <RootComponent type="80" schemaName="rsm_PortalRetailDistanceApp" behavior="0" />
      <RootComponent type="300" schemaName="rsm_retaildistancepowerapp_e2e6e" behavior="0" />
    </RootComponents>
    <MissingDependencies>
      <MissingDependency>
        <Required key="0" type="61" schemaName="msdyn_/Images/AppModule_Default_Icon.png" displayName="msdyn_/Images/AppModule_Default_Icon.png" solution="AppModuleWebResources (2.5)" />
        <Dependent key="1" type="80" schemaName="rsm_PortalRetailDistanceApp" displayName="Shopping Distance Admin App" />
      </MissingDependency>
    </MissingDependencies>
  </SolutionManifest>
</ImportExportXml>