{"properties":{"connectionReferences":{"shared_commondataserviceforapps":{"runtimeSource":"embedded","connection":{},"api":{"name":"shared_commondataserviceforapps"}}},"definition":{"$schema":"https://schema.management.azure.com/providers/Microsoft.Logic/schemas/2016-06-01/workflowdefinition.json#","contentVersion":"1.0.0.0","parameters":{"$connections":{"defaultValue":{},"type":"Object"},"$authentication":{"defaultValue":{},"type":"SecureObject"}},"triggers":{"Recurrence":{"recurrence":{"frequency":"Day","interval":1,"schedule":{"hours":["5"]}},"type":"Recurrence"}},"actions":{"Initialize_StartTime":{"runAfter":{"List_Stores":["Succeeded"]},"type":"InitializeVariable","inputs":{"variables":[{"name":"startTime","type":"string"}]}},"Initialize_EndTime":{"runAfter":{"Initialize_StartTime":["Succeeded"]},"type":"InitializeVariable","inputs":{"variables":[{"name":"endTime","type":"string"}]}},"Initialize_Timezone":{"runAfter":{"Initialize_EndTime":["Succeeded"]},"type":"InitializeVariable","inputs":{"variables":[{"name":"timeZone","type":"string"}]}},"Apply_to_each":{"foreach":"@outputs('List_Stores')?['body/value']","actions":{"Condition":{"actions":{"Get_Timeslot_Template":{"runAfter":{},"type":"OpenApiConnection","inputs":{"host":{"connectionName":"shared_commondataserviceforapps","operationId":"GetItem","apiId":"/providers/Microsoft.PowerApps/apis/shared_commondataserviceforapps"},"parameters":{"entityName":"rsm_timeslottemplates","recordId":"@items('Apply_to_each')?['_rsm_timeslottemplate_value']"},"authentication":"@parameters('$authentication')"}},"Get_Timezone":{"runAfter":{"Get_Timeslot_Template":["Succeeded"]},"type":"OpenApiConnection","inputs":{"host":{"connectionName":"shared_commondataserviceforapps","operationId":"GetItem","apiId":"/providers/Microsoft.PowerApps/apis/shared_commondataserviceforapps"},"parameters":{"entityName":"rsm_timezones","recordId":"@items('Apply_to_each')?['_rsm_timezone_value']"},"authentication":"@parameters('$authentication')"}},"Set_Timezone":{"runAfter":{"Get_Timezone":["Succeeded"]},"type":"SetVariable","inputs":{"name":"timeZone","value":"@outputs('Get_Timezone')?['body/rsm_name']"}},"List_Timeslot_Template_Details":{"runAfter":{"Set_Timezone":["Succeeded"]},"type":"OpenApiConnection","inputs":{"host":{"connectionName":"shared_commondataserviceforapps","operationId":"ListRecords","apiId":"/providers/Microsoft.PowerApps/apis/shared_commondataserviceforapps"},"parameters":{"entityName":"rsm_timeslottemplatedetailses","$filter":"_rsm_timeslottemplate_value eq @{outputs('Get_Timeslot_Template')?['body/rsm_timeslottemplateid']}","$orderby":"rsm_arrivalstart asc"},"authentication":"@parameters('$authentication')"}},"Apply_to_each_2":{"foreach":"@outputs('List_Timeslot_Template_Details')?['body/value']","actions":{"Condition_2":{"actions":{"Set_StartTime_to_only_Time":{"runAfter":{},"type":"SetVariable","inputs":{"name":"startTime","value":"@{substring(items('Apply_to_each_2')['rsm_arrivalstart'], 11)}"}},"Compose_Arrival_Start":{"runAfter":{"Set_StartTime_to_only_Time":["Succeeded"]},"type":"Compose","inputs":"@formatdatetime(concat(addDays(utcNow(),14,'MM/dd/yyyy'), ' ', variables('startTime')),'MM/dd/yyyy hh:mm:ss tt')"},"Convert_time_zone":{"runAfter":{"Compose_Arrival_Start":["Succeeded"]},"type":"Expression","kind":"ConvertTimeZone","inputs":{"baseTime":"@{outputs('Compose_Arrival_Start')}","formatString":"s","sourceTimeZone":"@variables('timeZone')","destinationTimeZone":"UTC"}},"Set_EndTime_to_only_Time":{"runAfter":{"Convert_time_zone":["Succeeded"]},"type":"SetVariable","inputs":{"name":"endTime","value":"@{substring(items('Apply_to_each_2')['rsm_arrivalend'], 11)}"}},"Compose_Arrival_End":{"runAfter":{"Set_EndTime_to_only_Time":["Succeeded"]},"type":"Compose","inputs":"@formatdatetime(concat(addDays(utcNow(),14,'MM/dd/yyyy'), ' ', variables('endTime')),'MM/dd/yyyy hh:mm:ss tt')"},"Convert_time_zone_2":{"runAfter":{"Compose_Arrival_End":["Succeeded"]},"type":"Expression","kind":"ConvertTimeZone","inputs":{"baseTime":"@{outputs('Compose_Arrival_End')}","formatString":"s","sourceTimeZone":"@variables('timeZone')","destinationTimeZone":"UTC"}},"Create_a_new_record":{"runAfter":{"Convert_time_zone_3":["Succeeded"]},"type":"OpenApiConnection","inputs":{"host":{"connectionName":"shared_commondataserviceforapps","operationId":"CreateRecord","apiId":"/providers/Microsoft.PowerApps/apis/shared_commondataserviceforapps"},"parameters":{"entityName":"rsm_timeslots","item/rsm_atfullcapacity":false,"item/rsm_timeslot":"@items('Apply_to_each_2')?['rsm_name']","item/rsm_arrivalenduserlocal":"@body('Convert_time_zone_2')","item/rsm_arrivalstartuserlocal":"@body('Convert_time_zone')","item/rsm_date":"@addDays(utcNow(),14)","item/rsm_reservationcount":0,"item/rsm_Store@odata.bind":"/rsm_stores/@{items('Apply_to_each')?['rsm_storeid']}","item/rsm_timecapacity":"@items('Apply_to_each')?['rsm_storecapacity']"},"authentication":"@parameters('$authentication')"}},"Add_to_time":{"runAfter":{"Convert_time_zone_2":["Succeeded"]},"type":"Expression","kind":"AddToTime","inputs":{"baseTime":"@{utcNow()}","interval":14,"timeUnit":"Day"}},"Convert_time_zone_3":{"runAfter":{"Add_to_time":["Succeeded"]},"type":"Expression","kind":"ConvertTimeZone","inputs":{"baseTime":"@body('Add_to_time')","formatString":"s","sourceTimeZone":"@variables('timeZone')","destinationTimeZone":"UTC"}}},"runAfter":{},"expression":{"and":[{"not":{"equals":["@items('Apply_to_each_2')?['rsm_arrivalstart']","@null"]}},{"not":{"equals":["@items('Apply_to_each_2')?['rsm_arrivalend']","@null"]}}]},"type":"If"}},"runAfter":{"List_Timeslot_Template_Details":["Succeeded"]},"type":"Foreach"}},"runAfter":{},"expression":{"not":{"equals":["@items('Apply_to_each')?['_rsm_timeslottemplate_value']","@null"]}},"type":"If"}},"runAfter":{"Initialize_Timezone":["Succeeded"]},"type":"Foreach"},"List_Stores":{"runAfter":{},"type":"OpenApiConnection","inputs":{"host":{"connectionName":"shared_commondataserviceforapps","operationId":"ListRecords","apiId":"/providers/Microsoft.PowerApps/apis/shared_commondataserviceforapps"},"parameters":{"entityName":"rsm_stores","$filter":"rsm_storeid eq 59b558d5-81b5-ea11-a812-000d3a5a1cf8"},"authentication":"@parameters('$authentication')"}}},"outputs":{}}},"schemaVersion":"1.0.0.0"}