{"properties":{"connectionReferences":{"shared_commondataserviceforapps":{"runtimeSource":"embedded","connection":{},"api":{"name":"shared_commondataserviceforapps"}}},"definition":{"$schema":"https://schema.management.azure.com/providers/Microsoft.Logic/schemas/2016-06-01/workflowdefinition.json#","contentVersion":"1.0.0.0","parameters":{"$connections":{"defaultValue":{},"type":"Object"},"$authentication":{"defaultValue":{},"type":"SecureObject"}},"triggers":{"manual":{"type":"Request","kind":"Button","inputs":{"schema":{"type":"object","properties":{},"required":[]}}}},"actions":{"List_Stores":{"runAfter":{},"type":"OpenApiConnection","inputs":{"host":{"connectionName":"shared_commondataserviceforapps","operationId":"ListRecords","apiId":"/providers/Microsoft.PowerApps/apis/shared_commondataserviceforapps"},"parameters":{"entityName":"rsm_stores"},"authentication":{"type":"Raw","value":"@json(decodeBase64(triggerOutputs().headers['X-MS-APIM-Tokens']))['$ConnectionKey']"}}},"Initialize_StartTime":{"runAfter":{"List_Stores":["Succeeded"]},"type":"InitializeVariable","inputs":{"variables":[{"name":"startTime","type":"string"}]}},"Initialize_EndTime":{"runAfter":{"Initialize_StartTime":["Succeeded"]},"type":"InitializeVariable","inputs":{"variables":[{"name":"EndTime","type":"string"}]}},"Initialize_Day0":{"runAfter":{"Initialize_EndTime":["Succeeded"]},"type":"InitializeVariable","inputs":{"variables":[{"name":"Day 0","type":"integer","value":0}]}},"Initialize_Day13":{"runAfter":{"Initialize_Day0":["Succeeded"]},"type":"InitializeVariable","inputs":{"variables":[{"name":"Day 13","type":"integer","value":14}]}},"Initialize_Timezone":{"runAfter":{"Initialize_Day13":["Succeeded"]},"type":"InitializeVariable","inputs":{"variables":[{"name":"timeZone","type":"string"}]}},"Apply_to_each_2":{"foreach":"@outputs('List_Stores')?['body/value']","actions":{"Condition":{"actions":{"Get_a_Timeslot_Template":{"runAfter":{},"type":"OpenApiConnection","inputs":{"host":{"connectionName":"shared_commondataserviceforapps","operationId":"GetItem","apiId":"/providers/Microsoft.PowerApps/apis/shared_commondataserviceforapps"},"parameters":{"entityName":"rsm_timeslottemplates","recordId":"@items('Apply_to_each_2')?['_rsm_timeslottemplate_value']"},"authentication":{"type":"Raw","value":"@json(decodeBase64(triggerOutputs().headers['X-MS-APIM-Tokens']))['$ConnectionKey']"}}},"Get_Timezone":{"runAfter":{"Get_a_Timeslot_Template":["Succeeded"]},"type":"OpenApiConnection","inputs":{"host":{"connectionName":"shared_commondataserviceforapps","operationId":"GetItem","apiId":"/providers/Microsoft.PowerApps/apis/shared_commondataserviceforapps"},"parameters":{"entityName":"rsm_timezones","recordId":"@items('Apply_to_each_2')?['_rsm_timezone_value']"},"authentication":{"type":"Raw","value":"@json(decodeBase64(triggerOutputs().headers['X-MS-APIM-Tokens']))['$ConnectionKey']"}}},"Set_Timezone":{"runAfter":{"Get_Timezone":["Succeeded"]},"type":"SetVariable","inputs":{"name":"timeZone","value":"@outputs('Get_Timezone')?['body/rsm_name']"}},"Do_until":{"actions":{"List_Timeslot_Template_Details":{"runAfter":{},"type":"OpenApiConnection","inputs":{"host":{"connectionName":"shared_commondataserviceforapps","operationId":"ListRecords","apiId":"/providers/Microsoft.PowerApps/apis/shared_commondataserviceforapps"},"parameters":{"entityName":"rsm_timeslottemplatedetailses","$filter":"_rsm_timeslottemplate_value eq  @{outputs('Get_a_Timeslot_Template')?['body/rsm_timeslottemplateid']}","$orderby":"rsm_arrivalstart asc"},"authentication":{"type":"Raw","value":"@json(decodeBase64(triggerOutputs().headers['X-MS-APIM-Tokens']))['$ConnectionKey']"}}},"Apply_to_each_3":{"foreach":"@outputs('List_Timeslot_Template_Details')?['body/value']","actions":{"Condition_2":{"actions":{"Set_StartTime_to_only_Time":{"runAfter":{},"type":"SetVariable","inputs":{"name":"startTime","value":"@{substring(items('Apply_to_each_3')['rsm_arrivalstart'], 11)}"}},"Compose_Arrival_Start":{"runAfter":{"Set_StartTime_to_only_Time":["Succeeded"]},"type":"Compose","inputs":"@formatdatetime(concat(addDays(utcNow(),variables('Day 0'),'MM/dd/yyyy'), ' ', variables('startTime')),'MM/dd/yyyy hh:mm:ss tt')"},"Convert_Arrival_Start":{"runAfter":{"Compose_Arrival_Start":["Succeeded"]},"type":"Expression","kind":"ConvertTimeZone","inputs":{"baseTime":"@{outputs('Compose_Arrival_Start')}","formatString":"s","sourceTimeZone":"@variables('timeZone')","destinationTimeZone":"UTC"}},"Set_EndTime_to_only_Time":{"runAfter":{"Convert_Arrival_Start":["Succeeded"]},"type":"SetVariable","inputs":{"name":"EndTime","value":"@{substring(items('Apply_to_each_3')['rsm_arrivalend'], 11)}"}},"Compose_Arrival_End":{"runAfter":{"Set_EndTime_to_only_Time":["Succeeded"]},"type":"Compose","inputs":"@formatdatetime(concat(addDays(utcNow(),variables('Day 0'),'MM/dd/yyyy'), ' ', variables('endTime')),'MM/dd/yyyy hh:mm:ss tt')"},"Convert_time_zone":{"runAfter":{"Compose_Arrival_End":["Succeeded"]},"type":"Expression","kind":"ConvertTimeZone","inputs":{"baseTime":"@{outputs('Compose_Arrival_End')}","formatString":"s","sourceTimeZone":"@variables('timeZone')","destinationTimeZone":"UTC"}},"Create_a_new_record":{"runAfter":{"Convert_time_zone":["Succeeded"]},"type":"OpenApiConnection","inputs":{"host":{"connectionName":"shared_commondataserviceforapps","operationId":"CreateRecord","apiId":"/providers/Microsoft.PowerApps/apis/shared_commondataserviceforapps"},"parameters":{"entityName":"rsm_timeslots","item/rsm_atfullcapacity":false,"item/rsm_timeslot":"@items('Apply_to_each_3')?['rsm_name']","item/rsm_arrivalenduserlocal":"@body('Convert_time_zone')","item/rsm_arrivalstartuserlocal":"@body('Convert_Arrival_Start')","item/rsm_date":"@addDays(utcNow(),variables('Day 0'))","item/rsm_reservationcount":0,"item/rsm_Store@odata.bind":"/rsm_stores/@{items('Apply_to_each_2')?['rsm_storeid']}","item/rsm_timecapacity":"@items('Apply_to_each_2')?['rsm_storecapacity']"},"authentication":{"type":"Raw","value":"@json(decodeBase64(triggerOutputs().headers['X-MS-APIM-Tokens']))['$ConnectionKey']"}}}},"runAfter":{},"expression":{"and":[{"not":{"equals":["@items('Apply_to_each_3')?['rsm_arrivalstart']","@null"]}},{"not":{"equals":["@items('Apply_to_each_3')?['rsm_arrivalend']","@null"]}}]},"type":"If"}},"runAfter":{"List_Timeslot_Template_Details":["Succeeded"]},"type":"Foreach"},"Increment_Day0":{"runAfter":{"Apply_to_each_3":["Succeeded"]},"type":"IncrementVariable","inputs":{"name":"Day 0","value":1}}},"runAfter":{"Set_Timezone":["Succeeded"]},"expression":"@equals(variables('Day 0'), variables('Day 13'))","limit":{"count":60,"timeout":"PT1H"},"type":"Until"}},"runAfter":{},"expression":{"not":{"equals":["@items('Apply_to_each_2')?['_rsm_timeslottemplate_value']","@null"]}},"type":"If"}},"runAfter":{"Initialize_Timezone":["Succeeded"]},"type":"Foreach"}},"outputs":{}}},"schemaVersion":"1.0.0.0"}