{"properties":{"connectionReferences":{"shared_commondataservice":{"runtimeSource":"embedded","connection":{},"api":{"name":"shared_commondataservice"}}},"definition":{"$schema":"https://schema.management.azure.com/providers/Microsoft.Logic/schemas/2016-06-01/workflowdefinition.json#","contentVersion":"1.0.0.0","parameters":{"$connections":{"defaultValue":{},"type":"Object"},"$authentication":{"defaultValue":{},"type":"SecureObject"}},"triggers":{"Recurrence":{"recurrence":{"frequency":"Day","interval":1,"schedule":{"hours":["5"]}},"type":"Recurrence"}},"actions":{"List_Stores":{"runAfter":{},"metadata":{"flowSystemMetadata":{"swaggerOperationId":"GetItems_V2"}},"type":"ApiConnection","inputs":{"host":{"connection":{"name":"@parameters('$connections')['shared_commondataservice']['connectionId']"}},"method":"get","path":"/v2/datasets/@{encodeURIComponent(encodeURIComponent('default.cds'))}/tables/@{encodeURIComponent(encodeURIComponent('rsm_stores'))}/items","queries":{"$filter":"rsm_storeid eq c40132bb-08b0-ea11-a812-000d3a5a1cf8"},"authentication":"@parameters('$authentication')"}},"Apply_to_each_2":{"foreach":"@body('List_Stores')?['value']","actions":{"Condition":{"actions":{"Get_Timeslot_Template":{"runAfter":{},"metadata":{"flowSystemMetadata":{"swaggerOperationId":"GetItem_V2"}},"type":"ApiConnection","inputs":{"host":{"connection":{"name":"@parameters('$connections')['shared_commondataservice']['connectionId']"}},"method":"get","path":"/v2/datasets/@{encodeURIComponent(encodeURIComponent('default.cds'))}/tables/@{encodeURIComponent(encodeURIComponent('rsm_timeslottemplates'))}/items/@{encodeURIComponent(encodeURIComponent(items('Apply_to_each_2')?['_rsm_timeslottemplate_value']))}","authentication":"@parameters('$authentication')"}},"List_Timeslot_Template_Details":{"runAfter":{"Set_Timezone":["Succeeded"]},"metadata":{"flowSystemMetadata":{"swaggerOperationId":"GetItems_V2"}},"type":"ApiConnection","inputs":{"host":{"connection":{"name":"@parameters('$connections')['shared_commondataservice']['connectionId']"}},"method":"get","path":"/v2/datasets/@{encodeURIComponent(encodeURIComponent('default.cds'))}/tables/@{encodeURIComponent(encodeURIComponent('rsm_timeslottemplatedetailses'))}/items","queries":{"$filter":"_rsm_timeslottemplate_value eq @{body('Get_Timeslot_Template')?['rsm_timeslottemplateid']}","$orderby":"rsm_arrivalstart asc"},"authentication":"@parameters('$authentication')"}},"Apply_to_each_3":{"foreach":"@body('List_Timeslot_Template_Details')?['value']","actions":{"Condition_2":{"actions":{"Create_Timeslot":{"runAfter":{"Convert_Arrival_End":["Succeeded"]},"metadata":{"flowSystemMetadata":{"swaggerOperationId":"PostItem_V2"}},"type":"ApiConnection","inputs":{"host":{"connection":{"name":"@parameters('$connections')['shared_commondataservice']['connectionId']"}},"method":"post","body":{"rsm_atfullcapacity":false,"rsm_timeslot":"@items('Apply_to_each_3')?['rsm_name']","rsm_arrivalenduserlocal":"@body('Convert_Arrival_End')","rsm_arrivalstartuserlocal":"@body('Convert_Arrival_Start')","rsm_date":"@{addDays(utcNow(),14)}","rsm_reservationcount":0,"rsm_timecapacity":"@items('Apply_to_each_2')?['rsm_storecapacity']","_ownerid_type":"","_rsm_store_value":"@items('Apply_to_each_2')?['rsm_storeid']"},"path":"/v2/datasets/@{encodeURIComponent(encodeURIComponent('default.cds'))}/tables/@{encodeURIComponent(encodeURIComponent('rsm_timeslots'))}/items","authentication":"@parameters('$authentication')"}},"Convert_Arrival_Start":{"runAfter":{"Compose_Arrival_Start":["Succeeded"]},"type":"Expression","kind":"ConvertTimeZone","inputs":{"baseTime":"@{outputs('Compose_Arrival_Start')}","formatString":"s","sourceTimeZone":"@variables('timeZone')","destinationTimeZone":"UTC"}},"Convert_Arrival_End":{"runAfter":{"Compose_Arrival_End":["Succeeded"]},"type":"Expression","kind":"ConvertTimeZone","inputs":{"baseTime":"@{outputs('Compose_Arrival_End')}","formatString":"s","sourceTimeZone":"@variables('timeZone')","destinationTimeZone":"UTC"}},"Compose_Arrival_Start":{"runAfter":{"Set_StartTime_to_only_Time":["Succeeded"]},"type":"Compose","inputs":"@formatdatetime(concat(addDays(utcNow(),14,'MM/dd/yyyy'), ' ', variables('startTime')),'MM/dd/yyyy hh:mm:ss tt')"},"Compose_Arrival_End":{"runAfter":{"Set_EndTime_to_only_Time":["Succeeded"]},"type":"Compose","inputs":"@formatdatetime(concat(addDays(utcNow(),14,'MM/dd/yyyy'), ' ', variables('endTime')),'MM/dd/yyyy hh:mm:ss tt')"},"Set_StartTime_to_only_Time":{"runAfter":{},"type":"SetVariable","inputs":{"name":"startTime","value":"@{substring(items('Apply_to_each_3')['rsm_arrivalstart'], 11)}"}},"Set_EndTime_to_only_Time":{"runAfter":{"Convert_Arrival_Start":["Succeeded"]},"type":"SetVariable","inputs":{"name":"endTime","value":"@{substring(items('Apply_to_each_3')['rsm_arrivalend'], 11)}"}}},"runAfter":{},"expression":{"and":[{"not":{"equals":["@items('Apply_to_each_3')?['rsm_arrivalstart']","@null"]}},{"not":{"equals":["@items('Apply_to_each_3')?['rsm_arrivalend']","@null"]}}]},"type":"If"}},"runAfter":{"List_Timeslot_Template_Details":["Succeeded"]},"type":"Foreach"},"Set_Timezone":{"runAfter":{"Get_Timezone":["Succeeded"]},"type":"SetVariable","inputs":{"name":"timeZone","value":"@body('Get_Timezone')?['rsm_name']"}},"Get_Timezone":{"runAfter":{"Get_Timeslot_Template":["Succeeded"]},"metadata":{"flowSystemMetadata":{"swaggerOperationId":"GetItem_V2"}},"type":"ApiConnection","inputs":{"host":{"connection":{"name":"@parameters('$connections')['shared_commondataservice']['connectionId']"}},"method":"get","path":"/v2/datasets/@{encodeURIComponent(encodeURIComponent('default.cds'))}/tables/@{encodeURIComponent(encodeURIComponent('rsm_timezones'))}/items/@{encodeURIComponent(encodeURIComponent(items('Apply_to_each_2')?['_rsm_timezone_value']))}","authentication":"@parameters('$authentication')"}}},"runAfter":{},"expression":{"not":{"equals":["@items('Apply_to_each_2')?['_rsm_timeslottemplate_value']","@null"]}},"type":"If"}},"runAfter":{"Initialize_Timezone":["Succeeded"]},"type":"Foreach"},"Initialize_StartTime":{"runAfter":{"List_Stores":["Succeeded"]},"type":"InitializeVariable","inputs":{"variables":[{"name":"startTime","type":"string"}]}},"Initialize_EndTime":{"runAfter":{"Initialize_StartTime":["Succeeded"]},"type":"InitializeVariable","inputs":{"variables":[{"name":"endTime","type":"string"}]}},"Initialize_Timezone":{"runAfter":{"Initialize_EndTime":["Succeeded"]},"type":"InitializeVariable","inputs":{"variables":[{"name":"timeZone","type":"string"}]}}}}},"schemaVersion":"1.0.0.0"}