{"properties":{"connectionReferences":{"shared_commondataservice":{"runtimeSource":"embedded","connection":{},"api":{"name":"shared_commondataservice"}},"shared_commondataservice_1":{"runtimeSource":"embedded","connection":{},"api":{"name":"shared_commondataservice"}},"shared_office365":{"runtimeSource":"embedded","connection":{},"api":{"name":"shared_office365"}},"shared_encodiandocumentmanager":{"runtimeSource":"embedded","connection":{},"api":{"name":"shared_encodiandocumentmanager"}},"shared_office365_1":{"runtimeSource":"embedded","connection":{},"api":{"name":"shared_office365"}}},"definition":{"$schema":"https://schema.management.azure.com/providers/Microsoft.Logic/schemas/2016-06-01/workflowdefinition.json#","contentVersion":"1.0.0.0","parameters":{"$connections":{"defaultValue":{},"type":"Object"},"$authentication":{"defaultValue":{},"type":"SecureObject"}},"triggers":{"When_a_record_is_created":{"type":"OpenApiConnectionWebhook","inputs":{"host":{"connectionName":"shared_commondataservice","operationId":"SubscribeOnNewItems","apiId":"/providers/Microsoft.PowerApps/apis/shared_commondataservice"},"parameters":{"dataset":"default.cds","table":"rsm_reservations","scope":"Organization"},"authentication":"@parameters('$authentication')"}}},"actions":{"Get_Contact":{"runAfter":{"Update_a_record":["Succeeded"]},"type":"OpenApiConnection","inputs":{"host":{"connectionName":"shared_commondataservice","operationId":"GetItem_V2","apiId":"/providers/Microsoft.PowerApps/apis/shared_commondataservice"},"parameters":{"dataset":"default.cds","table":"contacts","id":"@triggerOutputs()?['body/_rsm_contact_value']"},"authentication":"@parameters('$authentication')"}},"Get_Timeslot":{"runAfter":{"Get_Contact":["Succeeded"]},"type":"OpenApiConnection","inputs":{"host":{"connectionName":"shared_commondataservice","operationId":"GetItem_V2","apiId":"/providers/Microsoft.PowerApps/apis/shared_commondataservice"},"parameters":{"dataset":"default.cds","table":"rsm_timeslots","id":"@triggerOutputs()?['body/_rsm_timeslot_value']"},"authentication":"@parameters('$authentication')"}},"Get_Store":{"runAfter":{"Get_Timeslot":["Succeeded"]},"type":"OpenApiConnection","inputs":{"host":{"connectionName":"shared_commondataservice_1","operationId":"GetItem_V2","apiId":"/providers/Microsoft.PowerApps/apis/shared_commondataservice"},"parameters":{"dataset":"default.cds","table":"rsm_stores","id":"@triggerOutputs()?['body/_rsm_storeid_value']"},"authentication":"@parameters('$authentication')"}},"Condition":{"actions":{"Compose_for_Inline_Image":{"runAfter":{"Create_QR_Code":["Succeeded"]},"type":"Compose","inputs":"@dataUri(base64ToBinary(body('Create_QR_Code')?['FileContent'])) "},"Send_an_email_(V2)":{"runAfter":{"Compose_for_Inline_Image":["Succeeded"]},"type":"OpenApiConnection","inputs":{"host":{"connectionName":"shared_office365","operationId":"SendEmailV2","apiId":"/providers/Microsoft.PowerApps/apis/shared_office365"},"parameters":{"emailMessage/To":"@triggerOutputs()?['body/rsm_contactemail']","emailMessage/Subject":"Reservation Confirmation @{triggerOutputs()?['body/rsm_reservationidnumber']}","emailMessage/Body":"<table style=\"border-collapse: collapse; border-spacing: 0; display: table; padding: 0; position: relative; text-align: left; vertical-align: top; width: 100%;\" class=\"row\">             \n                <tbody>\n                <tr style=\"padding: 0; text-align: left; vertical-align: center;\">\n                  <th style=\"Margin: 0 auto; color: #0a0a0a; font-family: Helvetica,Arial,sans-serif; font-size: 16px; font-weight: 400; line-height: 19px; margin: 0 auto; padding: 0; padding-bottom: 16px; padding-left: 0; padding-right: 0; text-align: left; width: 580px;\" class=\"small-12 large-12 columns\">\n                    <table style=\"border-collapse: collapse; border-spacing: 0; padding: 0; text-align: left; vertical-align: center; width: 100%;\">\n                      <tbody><tr style=\"padding: 0; text-align: left; vertical-align: center;\">\n                        <th style=\"Margin: 0; background-color: #3F9C35; color: #0a0a0a; font-family: Helvetica,Arial,sans-serif; font-size: 16px; font-weight: 400; height: 20px; line-height: 19px; margin: 0; padding: 0; padding-bottom: 4px; padding-left: 16px; padding-top: 4px; text-align: left;\" class=\"top-banner\" valign=\"middle\">\n                          <!--EDIT Top Banner content here-->\n                          <p style=\"-moz-hyphens: none; -ms-hyphens: none; -webkit-hyphens: none; Margin: 0; color: #fff; font-family: Helvetica,Arial,sans-serif; font-size: 14px; font-weight: 400; hyphens: none; line-height: 1; margin: 0; padding: 0; text-align: left; word-break: keep-all;\" class=\"\"><br></p>\n                        </th>\n                      </tr>\n                    </tbody></table>\n                  </th>\n                </tr>\n                </tbody>\n              </table>\n <table style=\"border-collapse: collapse; border-spacing: 0; display: table; padding: 0; position: relative; text-align: left; vertical-align: center; width: 100%;\" class=\"row\">\n                <tbody>\n                <tr style=\"padding: 0; text-align: left; vertical-align: center;\">\n                  <th style=\"Margin: 0 auto; color: #0a0a0a; font-family: Helvetica,Arial,sans-serif; font-size: 16px; font-weight: 400; line-height: 19px; margin: 0 auto; padding: 0; padding-bottom: 16px; padding-left: 16px; padding-right: 8px; text-align: left; width: 370.66667px;\" class=\"small-8 large-8 columns first\">\n                    <table style=\"border-collapse: collapse; border-spacing: 0; padding: 0; text-align: left; vertical-align: center; width: 100%;\">\n                      <tbody><tr style=\"padding: 0; text-align: left; vertical-align: center;\">\n                        <th class=\"\" style=\"Margin: 0; color: #0a0a0a; font-family: Helvetica,Arial,sans-serif; font-size: 16px; font-weight: 400; line-height: 19px; margin: 0; padding: 0; text-align: left;\">\n                          <!--EDIT Main Header and Details here-->\n                          <h1 style=\"-moz-hyphens: none; -ms-hyphens: none; -webkit-hyphens: none; Margin: 0; color: #009ada; font-family: Helvetica,Arial,sans-serif; font-size: 22px; font-weight: 700; hyphens: none; line-height: 1.3; padding: 0; text-align: left; word-break: keep-all; word-wrap: normal;\" class=\"main-header\">Reservation Confirmation </h1>\n                        </th>\n                      </tr>\n                    </tbody></table>\n                  </th>\n                  <!--RSM Logo Image-->\n                  <th style=\"Margin: 0 auto; color: #0a0a0a; font-family: Helvetica,Arial,sans-serif; font-size: 16px; font-weight: 400; line-height: 19px; margin: 0 auto; padding: 0; padding-bottom: 16px; padding-left: 8px;  padding-right: 26px; text-align: left; width: 177.33333px;\" class=\"small-4 large-4 columns last\">\n                    <table style=\"border-collapse: collapse; border-spacing: 0; padding: 0; text-align: left; vertical-align: center; width: 100%;\">\n                      <tbody><tr style=\"padding: 0; text-align: left; vertical-align: center;\">\n                        <th style=\"Margin: 0; color: #0a0a0a; font-family: Helvetica,Arial,sans-serif; font-size: 16px; font-weight: 400; line-height: 19px; margin: 0; padding: 0; text-align: left;\">\n                          <img class=\"\" style=\"-ms-interpolation-mode: bicubic; clear: both; display: block; max-width: 100%; outline: none; text-decoration: none; width: 177px;\" alt=\"RSM\" src=\"http://images.response.rsmus.com/EloquaImages/clients/McGladrey/%7B6b68ff07-27ef-4a3d-8b34-f80c915c3ce1%7D_RSM_Standard_Logo_RGB.png\" width=\"177.333\">\n                        </th>\n                      </tr>\n                    </tbody></table>\n                  </th>\n                  <!--End RSM Logo Image-->\n\n                        </th>\n                      </tr>\n                    </tbody></table>\n                  </th>\n                </tr>\n                </tbody>\n              </table>\n<br>\n<div style=\"font-family: Helvetica,Arial,sans-serif; font-size: 16px; font-weight: 400;\">\n<p>Hello @{outputs('Get_Contact')?['body/firstname']},<br>\n<br>\nThank you for your reservation. Your reservation number is <strong> @{triggerOutputs()?['body/rsm_reservationidnumber']}</strong>. We are excited to see you!<br>\n<br>\n                    <table style=\"border-collapse: collapse; border-spacing: 0; padding: 0; text-align: left; vertical-align: top; width: 100%;\">\n                      <tbody><tr style=\"padding: 0; text-align: left; vertical-align: top;\">\n                        <th style=\"Margin: 0; color: #0a0a0a; font-family: Helvetica,Arial,sans-serif; font-size: 16px; font-weight: 400; line-height: 19px; margin: 0; padding: 0; text-align: left;\" class=\"\">\n                          <h4 style=\"-moz-hyphens: none; -ms-hyphens: none; -webkit-hyphens: none; Margin: 0; Margin-bottom: 32px; color: #009ada; font-family: Helvetica,Arial,sans-serif; font-size: 16px; font-weight: 400; hyphens: none; line-height: 1.3; padding: 0; text-align: left; word-break: keep-all; word-wrap: normal;\" class=\"\"><strong class=\"\">When</strong><br>@{body('Convert_time_zone')}<br>@{body('Convert_time_zone_2')} - @{body('Convert_time_zone_3')}</h4>\n                          <h4 style=\"margin: 0px 0px 0px; color: rgb(0, 154, 218); font-family: Helvetica,Arial,sans-serif; font-size: 16px; font-weight: 400; hyphens: none; line-height: 1.3; padding: 0px; text-align: left; word-break: keep-all; overflow-wrap: normal; border-style: none;\" class=\"\"><strong>Where</strong><br>@{outputs('Get_Store')?['body/rsm_storename']}<br>@{outputs('Get_Store')?['body/rsm_storeaddress']}</h4>\n                        </th>\n                      </tr>\n                    </tbody>\n                  </table>\n<br>\nThanks, \n<br>\n@{outputs('Get_Store')?['body/rsm_storename']}\n<br>\n<br>\nCustomer Service \n<br>\ncustomerservice@email.com\n<br>\n(555) 555-5555\n<br>\n</div>\n<p>Create new reservation or cancel existing reservation <a href=\"https://shoppingdistance.powerappsportals.com/\">Here</a>\n<p>\n<br>\n</p>","emailMessage/Attachments":[{"Name":"@{outputs('Update_a_record')?['body/rsm_reservationidnumber']}.PNG","ContentBytes":"@outputs('Create_QR_Code')?['body/FileContent']"}]},"authentication":"@parameters('$authentication')"}},"Convert_time_zone":{"runAfter":{},"type":"Expression","kind":"ConvertTimeZone","inputs":{"baseTime":"@triggerOutputs()?['body/rsm_date']","formatString":"D","sourceTimeZone":"UTC","destinationTimeZone":"UTC"}},"Create_QR_Code":{"runAfter":{"Convert_time_zone_3":["Succeeded"]},"type":"OpenApiConnection","inputs":{"host":{"connectionName":"shared_encodiandocumentmanager","operationId":"CreateQrCode","apiId":"/providers/Microsoft.PowerApps/apis/shared_encodiandocumentmanager"},"parameters":{"operation/barcodeData":"@triggerOutputs()?['body/rsm_reservationid']","operation/barcodeImageFormat":"PNG","operation/height":200,"operation/width":200,"operation/encodeMode":"Auto","operation/encodeType":"ForceQR","operation/textEncodingType":"Default"},"authentication":"@parameters('$authentication')"}},"Convert_time_zone_2":{"runAfter":{"Convert_time_zone":["Succeeded"]},"type":"Expression","kind":"ConvertTimeZone","inputs":{"baseTime":"@outputs('Get_Timeslot')?['body/rsm_arrivalstartuserlocal']","formatString":"t","sourceTimeZone":"UTC","destinationTimeZone":"@outputs('Get_Timezone')?['body/rsm_name']"}},"Convert_time_zone_3":{"runAfter":{"Convert_time_zone_2":["Succeeded"]},"type":"Expression","kind":"ConvertTimeZone","inputs":{"baseTime":"@outputs('Get_Timeslot')?['body/rsm_arrivalenduserlocal']","formatString":"t","sourceTimeZone":"UTC","destinationTimeZone":"@outputs('Get_Timezone')?['body/rsm_name']"}}},"runAfter":{"Get_Timezone":["Succeeded"]},"else":{"actions":{"Send_an_email_(V2)_2":{"runAfter":{},"type":"OpenApiConnection","inputs":{"host":{"connectionName":"shared_office365_1","operationId":"SendEmailV2","apiId":"/providers/Microsoft.PowerApps/apis/shared_office365"},"parameters":{"emailMessage/To":"@triggerOutputs()?['body/rsm_contactemail']","emailMessage/Subject":"Reservation Request Denied  @{outputs('Update_a_record')?['body/rsm_reservationidnumber']}","emailMessage/Body":"              <table style=\"border-collapse: collapse; border-spacing: 0; display: table; padding: 0; position: relative; text-align: left; vertical-align: top; width: 100%;\" class=\"row\">             \n                <tbody>\n                <tr style=\"padding: 0; text-align: left; vertical-align: center;\">\n                  <th style=\"Margin: 0 auto; color: #0a0a0a; font-family: Helvetica,Arial,sans-serif; font-size: 16px; font-weight: 400; line-height: 19px; margin: 0 auto; padding: 0; padding-bottom: 16px; padding-left: 0; padding-right: 0; text-align: left; width: 580px;\" class=\"small-12 large-12 columns\">\n                    <table style=\"border-collapse: collapse; border-spacing: 0; padding: 0; text-align: left; vertical-align: center; width: 100%;\">\n                      <tbody><tr style=\"padding: 0; text-align: left; vertical-align: center;\">\n                        <th style=\"Margin: 0; background-color: #3F9C35; color: #0a0a0a; font-family: Helvetica,Arial,sans-serif; font-size: 16px; font-weight: 400; height: 20px; line-height: 19px; margin: 0; padding: 0; padding-bottom: 4px; padding-left: 16px; padding-top: 4px; text-align: left;\" class=\"top-banner\" valign=\"middle\">\n                          <!--EDIT Top Banner content here-->\n                          <p style=\"-moz-hyphens: none; -ms-hyphens: none; -webkit-hyphens: none; Margin: 0; color: #fff; font-family: Helvetica,Arial,sans-serif; font-size: 14px; font-weight: 400; hyphens: none; line-height: 1; margin: 0; padding: 0; text-align: left; word-break: keep-all;\" class=\"\"><br></p>\n                        </th>\n                      </tr>\n                    </tbody></table>\n                  </th>\n                </tr>\n                </tbody>\n              </table>\n <table style=\"border-collapse: collapse; border-spacing: 0; display: table; padding: 0; position: relative; text-align: left; vertical-align: center; width: 100%;\" class=\"row\">\n                <tbody>\n                <tr style=\"padding: 0; text-align: left; vertical-align: center;\">\n                  <th style=\"Margin: 0 auto; color: #0a0a0a; font-family: Helvetica,Arial,sans-serif; font-size: 16px; font-weight: 400; line-height: 19px; margin: 0 auto; padding: 0; padding-bottom: 16px; padding-left: 16px; padding-right: 8px; text-align: left; width: 370.66667px;\" class=\"small-8 large-8 columns first\">\n                    <table style=\"border-collapse: collapse; border-spacing: 0; padding: 0; text-align: left; vertical-align: center; width: 100%;\">\n                      <tbody><tr style=\"padding: 0; text-align: left; vertical-align: center;\">\n                        <th class=\"\" style=\"Margin: 0; color: #0a0a0a; font-family: Helvetica,Arial,sans-serif; font-size: 16px; font-weight: 400; line-height: 19px; margin: 0; padding: 0; text-align: left;\">\n                          <!--EDIT Main Header and Details here-->\n                          <h1 style=\"-moz-hyphens: none; -ms-hyphens: none; -webkit-hyphens: none; Margin: 0; color: #009ada; font-family: Helvetica,Arial,sans-serif; font-size: 22px; font-weight: 700; hyphens: none; line-height: 1.3; padding: 0; text-align: left; word-break: keep-all; word-wrap: normal;\" class=\"main-header\">Reservation Request Denied</h1>\n                        </th>\n                      </tr>\n                    </tbody></table>\n                  </th>\n                  <!--RSM Logo Image-->\n                  <th style=\"Margin: 0 auto; color: #0a0a0a; font-family: Helvetica,Arial,sans-serif; font-size: 16px; font-weight: 400; line-height: 19px; margin: 0 auto; padding: 0; padding-bottom: 16px; padding-left: 8px;  padding-right: 26px; text-align: left; width: 177.33333px;\" class=\"small-4 large-4 columns last\">\n                    <table style=\"border-collapse: collapse; border-spacing: 0; padding: 0; text-align: left; vertical-align: center; width: 100%;\">\n                      <tbody><tr style=\"padding: 0; text-align: left; vertical-align: center;\">\n                        <th style=\"Margin: 0; color: #0a0a0a; font-family: Helvetica,Arial,sans-serif; font-size: 16px; font-weight: 400; line-height: 19px; margin: 0; padding: 0; text-align: left;\">\n                          <img class=\"\" style=\"-ms-interpolation-mode: bicubic; clear: both; display: block; max-width: 100%; outline: none; text-decoration: none; width: 177px;\" alt=\"RSM\" src=\"http://images.response.rsmus.com/EloquaImages/clients/McGladrey/%7B6b68ff07-27ef-4a3d-8b34-f80c915c3ce1%7D_RSM_Standard_Logo_RGB.png\" width=\"177.333\">\n                        </th>\n                      </tr>\n                    </tbody></table>\n                  </th>\n                  <!--End RSM Logo Image-->\n   \n                        </th>\n                      </tr>\n                    </tbody></table>\n                  </th>\n                </tr>\n                </tbody>\n              </table>\n<br>\n<div style=\"font-family: Helvetica,Arial,sans-serif; font-size: 16px; font-weight: 400;\">\n<p> Hello @{outputs('Get_Contact')?['body/firstname']},<br>\n<br>\nWe regret to inform you that your reservation has been flagged, as it does not meet the response requirements. Therefore, the reservation cannot be confirmed. Please reach out to our customer service team with any questions.  We do hope that you stay safe.<br>\n<br>\nThanks,<br>\n@{outputs('Get_Store')?['body/rsm_storename']}<br>\n<br>\nCustomer Service <br>\ncustomerservice@email.com<br>\n(555) 555-5555\n<br>\n</div>\n</p>"},"authentication":"@parameters('$authentication')"}}}},"expression":{"equals":["@triggerOutputs()?['body/rsm_entryallowed']",true]},"type":"If"},"Update_a_record":{"runAfter":{},"type":"OpenApiConnection","inputs":{"host":{"connectionName":"shared_commondataservice_1","operationId":"PatchItem_V2","apiId":"/providers/Microsoft.PowerApps/apis/shared_commondataservice"},"parameters":{"dataset":"default.cds","table":"rsm_reservations","id":"@triggerOutputs()?['body/rsm_reservationid']","item/rsm_name":"@triggerOutputs()?['body/rsm_reservationidnumber']","item/_ownerid_type":""},"authentication":"@parameters('$authentication')"}},"Get_Timezone":{"runAfter":{"Get_Store":["Succeeded"]},"type":"OpenApiConnection","inputs":{"host":{"connectionName":"shared_commondataservice_1","operationId":"GetItem_V2","apiId":"/providers/Microsoft.PowerApps/apis/shared_commondataservice"},"parameters":{"dataset":"default.cds","table":"rsm_timezones","id":"@outputs('Get_Store')?['body/_rsm_timezone_value']"},"authentication":"@parameters('$authentication')"}}},"outputs":{}}},"schemaVersion":"1.0.0.0"}