{"properties":{"connectionReferences":{"shared_commondataserviceforapps":{"impersonation":{},"runtimeSource":"embedded","connection":{},"api":{"name":"shared_commondataserviceforapps"}}},"definition":{"$schema":"https://schema.management.azure.com/providers/Microsoft.Logic/schemas/2016-06-01/workflowdefinition.json#","contentVersion":"1.0.0.0","parameters":{"$connections":{"defaultValue":{},"type":"Object"},"$authentication":{"defaultValue":{},"type":"SecureObject"}},"triggers":{"When_a_record_is_created,_updated_or_deleted":{"type":"OpenApiConnectionWebhook","inputs":{"host":{"apiId":"/providers/Microsoft.PowerApps/apis/shared_commondataserviceforapps","connectionName":"shared_commondataserviceforapps","operationId":"SubscribeWebhookTrigger"},"parameters":{"subscriptionRequest/message":3,"subscriptionRequest/entityname":"rsm_reservation","subscriptionRequest/scope":4,"subscriptionRequest/filteringattributes":"statecode","subscriptionRequest/name":"b6ded8d8-d2b4-ea11-a812-000d3a5a1cf8"},"authentication":"@parameters('$authentication')"}}},"actions":{"If_deactivated":{"actions":{"Get_Timeslot_current_Reservation_Count":{"runAfter":{},"type":"OpenApiConnection","inputs":{"host":{"apiId":"/providers/Microsoft.PowerApps/apis/shared_commondataserviceforapps","connectionName":"shared_commondataserviceforapps","operationId":"GetItem"},"parameters":{"entityName":"rsm_timeslots","recordId":"@triggerOutputs()?['body/_rsm_timeslot_value']"},"authentication":"@parameters('$authentication')"}},"Decrement_Reservation_Count_by_1":{"runAfter":{"Get_Timeslot_current_Reservation_Count":["Succeeded"]},"type":"OpenApiConnection","inputs":{"host":{"apiId":"/providers/Microsoft.PowerApps/apis/shared_commondataserviceforapps","connectionName":"shared_commondataserviceforapps","operationId":"UpdateRecord"},"parameters":{"entityName":"rsm_timeslots","recordId":"@outputs('Get_Timeslot_current_Reservation_Count')?['body/rsm_timeslotid']","item/rsm_reservationcount":"@sub(outputs('Get_Timeslot_current_Reservation_Count')?['body/rsm_reservationcount'],1)"},"authentication":"@parameters('$authentication')"}},"Condition":{"actions":{"Update_Timeslot":{"runAfter":{},"type":"OpenApiConnection","inputs":{"host":{"apiId":"/providers/Microsoft.PowerApps/apis/shared_commondataserviceforapps","connectionName":"shared_commondataserviceforapps","operationId":"UpdateRecord"},"parameters":{"entityName":"rsm_timeslots","recordId":"@outputs('Decrement_Reservation_Count_by_1')?['body/rsm_timeslotid']","item/rsm_atfullcapacity":true},"authentication":"@parameters('$authentication')"}}},"runAfter":{"Decrement_Reservation_Count_by_1":["Succeeded"]},"else":{"actions":{"Update_Timeslot_2":{"runAfter":{},"type":"OpenApiConnection","inputs":{"host":{"apiId":"/providers/Microsoft.PowerApps/apis/shared_commondataserviceforapps","connectionName":"shared_commondataserviceforapps","operationId":"UpdateRecord"},"parameters":{"entityName":"rsm_timeslots","recordId":"@outputs('Decrement_Reservation_Count_by_1')?['body/rsm_timeslotid']","item/rsm_atfullcapacity":false},"authentication":"@parameters('$authentication')"}}}},"expression":{"greaterOrEquals":["@outputs('Decrement_Reservation_Count_by_1')?['body/rsm_reservationcount']","@outputs('Decrement_Reservation_Count_by_1')?['body/rsm_timecapacity']"]},"type":"If"}},"runAfter":{},"expression":{"and":[{"equals":["@triggerOutputs()?['body/statecode']",1]},{"equals":["@triggerOutputs()?['body/rsm_entryallowed']",true]}]},"type":"If"}},"outputs":{}}},"schemaVersion":"1.0.0.0"}